{
  "schema_version": 1,
  "label": "v0211-baseline-steady",
  "target": "spark-head",
  "started_at_utc": "2026-07-15T05:35:33.240934+00:00",
  "model": "deepseek-v4-flash-dspark-abliterated",
  "version": "0.21.1rc1.dev339+g1967a5627bc3",
  "sizes": [
    1024,
    2048,
    4096,
    8192,
    16384,
    32768
  ],
  "trials_per_size": 3,
  "warmup_tokens": 1024,
  "shape_warmup": "All six input lengths were exercised in discarded passes before this measured matrix.",
  "seed": 4106,
  "token_pool_sha256": "487350c5afe54aa29e33ca782811dd011b210d8f5eb75f8105b0a51b8b0c6a1e",
  "measurement": {
    "server_prefill_tps": "Delta of vllm request_prefill_kv_computed_tokens divided by request_prefill_time_seconds; valid only when metrics_exact is true.",
    "client_input_tps": "Prompt tokens divided by client-observed TTFT.",
    "cache_control": "Deterministic unique token-ID prompts prevent cross-trial prefix hits."
  },
  "results": [
    {
      "target_tokens": 1024,
      "trial": 1,
      "prompt_sha256": "80e74c8ef6b80b71c00dc006839010852e9a1bfcd46a7434c1a2744e16ab03b6",
      "prompt_tokens": 1024,
      "completion_tokens": 1,
      "ttft_s": 0.5886354579706676,
      "elapsed_s": 0.5887877920176834,
      "client_input_tps": 1739.6165761577806,
      "server_prefill_s": 0.5804799430043204,
      "server_computed_tokens": 1024,
      "server_cache_hit_tokens": 0,
      "server_prefill_tps": 1764.057505071073,
      "metrics_request_delta": 1.0,
      "metrics_exact": true,
      "finish_reason": "length"
    },
    {
      "target_tokens": 1024,
      "trial": 2,
      "prompt_sha256": "d433391539df75c8b8516c3408f6773e7f723e525090cedf35034cf5956b4107",
      "prompt_tokens": 1024,
      "completion_tokens": 1,
      "ttft_s": 0.5845398749806918,
      "elapsed_s": 0.5846744169830345,
      "client_input_tps": 1751.8052126620519,
      "server_prefill_s": 0.5757028009975329,
      "server_computed_tokens": 1024,
      "server_cache_hit_tokens": 0,
      "server_prefill_tps": 1778.6955321837806,
      "metrics_request_delta": 1.0,
      "metrics_exact": true,
      "finish_reason": "length"
    },
    {
      "target_tokens": 1024,
      "trial": 3,
      "prompt_sha256": "413ea372fa9faf99d0d11785c15171f41452a805060b93272bf618d134730f77",
      "prompt_tokens": 1024,
      "completion_tokens": 1,
      "ttft_s": 0.5818000829895027,
      "elapsed_s": 0.5818843329907395,
      "client_input_tps": 1760.054750659903,
      "server_prefill_s": 0.57365364600264,
      "server_computed_tokens": 1024,
      "server_cache_hit_tokens": 0,
      "server_prefill_tps": 1785.0492315972963,
      "metrics_request_delta": 1.0,
      "metrics_exact": true,
      "finish_reason": "length"
    },
    {
      "target_tokens": 2048,
      "trial": 1,
      "prompt_sha256": "b23cdf8117111a06326ff3d2deca3bcd325e7a0e84753c424e826d5dfd48b49f",
      "prompt_tokens": 2048,
      "completion_tokens": 1,
      "ttft_s": 1.0366729579982348,
      "elapsed_s": 1.0369503329857253,
      "client_input_tps": 1975.5507117255077,
      "server_prefill_s": 1.028863719002402,
      "server_computed_tokens": 2048,
      "server_cache_hit_tokens": 0,
      "server_prefill_tps": 1990.5454553162438,
      "metrics_request_delta": 1.0,
      "metrics_exact": true,
      "finish_reason": "length"
    },
    {
      "target_tokens": 2048,
      "trial": 2,
      "prompt_sha256": "0c4df88f8867dad33a65fd98db4b1db0c8157efcede07742bc6848c6f03260b1",
      "prompt_tokens": 2048,
      "completion_tokens": 1,
      "ttft_s": 1.0412708339863457,
      "elapsed_s": 1.0413599169696681,
      "client_input_tps": 1966.827393176419,
      "server_prefill_s": 1.0327704709998216,
      "server_computed_tokens": 2048,
      "server_cache_hit_tokens": 0,
      "server_prefill_tps": 1983.015643366854,
      "metrics_request_delta": 1.0,
      "metrics_exact": true,
      "finish_reason": "length"
    },
    {
      "target_tokens": 2048,
      "trial": 3,
      "prompt_sha256": "55eba90f664c4ab18d4a601c256aa6743f33ac69bfd21d65885dcd0655bc605e",
      "prompt_tokens": 2048,
      "completion_tokens": 1,
      "ttft_s": 1.0359618750517257,
      "elapsed_s": 1.036142875032965,
      "client_input_tps": 1976.9067272844798,
      "server_prefill_s": 1.0250906809960725,
      "server_computed_tokens": 2048,
      "server_cache_hit_tokens": 0,
      "server_prefill_tps": 1997.8720302188044,
      "metrics_request_delta": 1.0,
      "metrics_exact": true,
      "finish_reason": "length"
    },
    {
      "target_tokens": 4096,
      "trial": 1,
      "prompt_sha256": "0de2101f1655b80cce1c6f9c8b14aeb5a49bedcce6328faf2b7da97e1f3cae8b",
      "prompt_tokens": 4096,
      "completion_tokens": 1,
      "ttft_s": 1.9767256670165807,
      "elapsed_s": 1.9768289580242708,
      "client_input_tps": 2072.113530139963,
      "server_prefill_s": 1.9663320350009599,
      "server_computed_tokens": 4096,
      "server_cache_hit_tokens": 0,
      "server_prefill_tps": 2083.0663016676126,
      "metrics_request_delta": 1.0,
      "metrics_exact": true,
      "finish_reason": "length"
    },
    {
      "target_tokens": 4096,
      "trial": 2,
      "prompt_sha256": "4f30114a6292f6631c1f47219af56ea488efc9b6038f1ac7ea65083f732c6ba5",
      "prompt_tokens": 4096,
      "completion_tokens": 1,
      "ttft_s": 1.9754331250442192,
      "elapsed_s": 1.9755986670497805,
      "client_input_tps": 2073.4693308882897,
      "server_prefill_s": 1.9647729640055331,
      "server_computed_tokens": 4096,
      "server_cache_hit_tokens": 0,
      "server_prefill_tps": 2084.7192398502816,
      "metrics_request_delta": 1.0,
      "metrics_exact": true,
      "finish_reason": "length"
    },
    {
      "target_tokens": 4096,
      "trial": 3,
      "prompt_sha256": "448a858ff601eec627db8a618cc0ddf5fe5286ca309353b818e3de4ce3aa8672",
      "prompt_tokens": 4096,
      "completion_tokens": 1,
      "ttft_s": 1.98932487500133,
      "elapsed_s": 1.9895510000060312,
      "client_input_tps": 2058.9899877450944,
      "server_prefill_s": 1.9753921960000298,
      "server_computed_tokens": 4096,
      "server_cache_hit_tokens": 0,
      "server_prefill_tps": 2073.5122920369877,
      "metrics_request_delta": 1.0,
      "metrics_exact": true,
      "finish_reason": "length"
    },
    {
      "target_tokens": 8192,
      "trial": 1,
      "prompt_sha256": "e8ff1011b42482036c19723c2e36ab06b56848e6d525a8330e0f1efcc48ca67f",
      "prompt_tokens": 8192,
      "completion_tokens": 1,
      "ttft_s": 3.99750125000719,
      "elapsed_s": 3.9976608749711886,
      "client_input_tps": 2049.2801596960767,
      "server_prefill_s": 3.980918285997177,
      "server_computed_tokens": 8192,
      "server_cache_hit_tokens": 0,
      "server_prefill_tps": 2057.8166672788143,
      "metrics_request_delta": 1.0,
      "metrics_exact": true,
      "finish_reason": "length"
    },
    {
      "target_tokens": 8192,
      "trial": 2,
      "prompt_sha256": "a83e2d4d20349163f37a98cd02f74a786c868c271a6162310d76247ff1f21c52",
      "prompt_tokens": 8192,
      "completion_tokens": 1,
      "ttft_s": 4.014765459054615,
      "elapsed_s": 4.0148742500459775,
      "client_input_tps": 2040.4678887341595,
      "server_prefill_s": 3.9964072310031042,
      "server_computed_tokens": 8192,
      "server_cache_hit_tokens": 0,
      "server_prefill_tps": 2049.841151434359,
      "metrics_request_delta": 1.0,
      "metrics_exact": true,
      "finish_reason": "length"
    },
    {
      "target_tokens": 8192,
      "trial": 3,
      "prompt_sha256": "5d7cd2e2008d4b5ba6e76f2db538774839ba1cd1e7c71325d1603e78bd5e20f9",
      "prompt_tokens": 8192,
      "completion_tokens": 1,
      "ttft_s": 4.015582250023726,
      "elapsed_s": 4.015788707998581,
      "client_input_tps": 2040.0528466205858,
      "server_prefill_s": 3.9981661829951918,
      "server_computed_tokens": 8192,
      "server_cache_hit_tokens": 0,
      "server_prefill_tps": 2048.939344953149,