{
  "schema_version": 1,
  "label": "v0251-candidate-steady",
  "target": "spark-head",
  "started_at_utc": "2026-07-15T05:44:51.282144+00:00",
  "model": "deepseek-v4-flash-dspark-abliterated",
  "version": "0.25.2.dev0+g752a3a504.d20260714",
  "sizes": [
    1024,
    2048,
    4096,
    8192,
    16384,
    32768
  ],
  "trials_per_size": 3,
  "warmup_tokens": 1024,
  "shape_warmup": "All six input lengths were exercised in discarded passes before this measured matrix.",
  "seed": 4106,
  "token_pool_sha256": "487350c5afe54aa29e33ca782811dd011b210d8f5eb75f8105b0a51b8b0c6a1e",
  "measurement": {
    "server_prefill_tps": "Delta of vllm request_prefill_kv_computed_tokens divided by request_prefill_time_seconds; valid only when metrics_exact is true.",
    "client_input_tps": "Prompt tokens divided by client-observed TTFT.",
    "cache_control": "Deterministic unique token-ID prompts prevent cross-trial prefix hits."
  },
  "results": [
    {
      "target_tokens": 1024,
      "trial": 1,
      "prompt_sha256": "80e74c8ef6b80b71c00dc006839010852e9a1bfcd46a7434c1a2744e16ab03b6",
      "prompt_tokens": 1024,
      "completion_tokens": 1,
      "ttft_s": 0.5127861250075512,
      "elapsed_s": 0.5129052919801325,
      "client_input_tps": 1996.9339068698882,
      "server_prefill_s": 0.5036939970013918,
      "server_computed_tokens": 1024,
      "server_cache_hit_tokens": 0,
      "server_prefill_tps": 2032.9803533417341,
      "metrics_request_delta": 1.0,
      "metrics_exact": true,
      "finish_reason": "length"
    },
    {
      "target_tokens": 1024,
      "trial": 2,
      "prompt_sha256": "d433391539df75c8b8516c3408f6773e7f723e525090cedf35034cf5956b4107",
      "prompt_tokens": 1024,
      "completion_tokens": 1,
      "ttft_s": 0.5099266670295037,
      "elapsed_s": 0.5099804170313291,
      "client_input_tps": 2008.1318868164874,
      "server_prefill_s": 0.5031403340035467,
      "server_computed_tokens": 1024,
      "server_cache_hit_tokens": 0,
      "server_prefill_tps": 2035.2174747190545,
      "metrics_request_delta": 1.0,
      "metrics_exact": true,
      "finish_reason": "length"
    },
    {
      "target_tokens": 1024,
      "trial": 3,
      "prompt_sha256": "413ea372fa9faf99d0d11785c15171f41452a805060b93272bf618d134730f77",
      "prompt_tokens": 1024,
      "completion_tokens": 1,
      "ttft_s": 0.5118007909622975,
      "elapsed_s": 0.5119009159971029,
      "client_input_tps": 2000.778463188101,
      "server_prefill_s": 0.5050075690014637,
      "server_computed_tokens": 1024,
      "server_cache_hit_tokens": 0,
      "server_prefill_tps": 2027.6923809770306,
      "metrics_request_delta": 1.0,
      "metrics_exact": true,
      "finish_reason": "length"
    },
    {
      "target_tokens": 2048,
      "trial": 1,
      "prompt_sha256": "b23cdf8117111a06326ff3d2deca3bcd325e7a0e84753c424e826d5dfd48b49f",
      "prompt_tokens": 2048,
      "completion_tokens": 1,
      "ttft_s": 0.9162069999729283,
      "elapsed_s": 0.9163971249945462,
      "client_input_tps": 2235.302720957724,
      "server_prefill_s": 0.9078265640055179,
      "server_computed_tokens": 2048,
      "server_cache_hit_tokens": 0,
      "server_prefill_tps": 2255.9375118566722,
      "metrics_request_delta": 1.0,
      "metrics_exact": true,
      "finish_reason": "length"
    },
    {
      "target_tokens": 2048,
      "trial": 2,
      "prompt_sha256": "0c4df88f8867dad33a65fd98db4b1db0c8157efcede07742bc6848c6f03260b1",
      "prompt_tokens": 2048,
      "completion_tokens": 1,
      "ttft_s": 0.9199833329766989,
      "elapsed_s": 0.9200873330119066,
      "client_input_tps": 2226.127285777547,
      "server_prefill_s": 0.9094121369998902,
      "server_computed_tokens": 2048,
      "server_cache_hit_tokens": 0,
      "server_prefill_tps": 2252.00425272117,
      "metrics_request_delta": 1.0,
      "metrics_exact": true,
      "finish_reason": "length"
    },
    {
      "target_tokens": 2048,
      "trial": 3,
      "prompt_sha256": "55eba90f664c4ab18d4a601c256aa6743f33ac69bfd21d65885dcd0655bc605e",
      "prompt_tokens": 2048,
      "completion_tokens": 1,
      "ttft_s": 0.9276186669594608,
      "elapsed_s": 0.9277130420086905,
      "client_input_tps": 2207.803780742052,
      "server_prefill_s": 0.9193169520003721,
      "server_computed_tokens": 2048,
      "server_cache_hit_tokens": 0,
      "server_prefill_tps": 2227.7409282442677,
      "metrics_request_delta": 1.0,
      "metrics_exact": true,
      "finish_reason": "length"
    },
    {
      "target_tokens": 4096,
      "trial": 1,
      "prompt_sha256": "0de2101f1655b80cce1c6f9c8b14aeb5a49bedcce6328faf2b7da97e1f3cae8b",
      "prompt_tokens": 4096,
      "completion_tokens": 1,
      "ttft_s": 1.7732626249780878,
      "elapsed_s": 1.7733756249654107,
      "client_input_tps": 2309.866537705104,
      "server_prefill_s": 1.7620600809968892,
      "server_computed_tokens": 4096,
      "server_cache_hit_tokens": 0,
      "server_prefill_tps": 2324.5518380296544,
      "metrics_request_delta": 1.0,
      "metrics_exact": true,
      "finish_reason": "length"
    },
    {
      "target_tokens": 4096,
      "trial": 2,
      "prompt_sha256": "4f30114a6292f6631c1f47219af56ea488efc9b6038f1ac7ea65083f732c6ba5",
      "prompt_tokens": 4096,
      "completion_tokens": 1,
      "ttft_s": 1.7756762499921024,
      "elapsed_s": 1.7759506249567494,
      "client_input_tps": 2306.7268033900987,
      "server_prefill_s": 1.764982995002356,
      "server_computed_tokens": 4096,
      "server_cache_hit_tokens": 0,
      "server_prefill_tps": 2320.7022456295863,
      "metrics_request_delta": 1.0,
      "metrics_exact": true,
      "finish_reason": "length"
    },
    {
      "target_tokens": 4096,
      "trial": 3,
      "prompt_sha256": "448a858ff601eec627db8a618cc0ddf5fe5286ca309353b818e3de4ce3aa8672",
      "prompt_tokens": 4096,
      "completion_tokens": 1,
      "ttft_s": 1.7870165420463309,
      "elapsed_s": 1.7871438750298694,
      "client_input_tps": 2292.088463439532,
      "server_prefill_s": 1.7740015800009132,
      "server_computed_tokens": 4096,
      "server_cache_hit_tokens": 0,
      "server_prefill_tps": 2308.904369745765,
      "metrics_request_delta": 1.0,
      "metrics_exact": true,
      "finish_reason": "length"
    },
    {
      "target_tokens": 8192,
      "trial": 1,
      "prompt_sha256": "e8ff1011b42482036c19723c2e36ab06b56848e6d525a8330e0f1efcc48ca67f",
      "prompt_tokens": 8192,
      "completion_tokens": 1,
      "ttft_s": 3.768647915974725,
      "elapsed_s": 3.768799207988195,
      "client_input_tps": 2173.7238878897015,
      "server_prefill_s": 3.7534297040037927,
      "server_computed_tokens": 8192,
      "server_cache_hit_tokens": 0,
      "server_prefill_tps": 2182.5372115698806,
      "metrics_request_delta": 1.0,
      "metrics_exact": true,
      "finish_reason": "length"
    },
    {
      "target_tokens": 8192,
      "trial": 2,
      "prompt_sha256": "a83e2d4d20349163f37a98cd02f74a786c868c271a6162310d76247ff1f21c52",
      "prompt_tokens": 8192,
      "completion_tokens": 1,
      "ttft_s": 3.7652175829862244,
      "elapsed_s": 3.765317832992878,
      "client_input_tps": 2175.7042772287436,
      "server_prefill_s": 3.750524763003341,
      "server_computed_tokens": 8192,
      "server_cache_hit_tokens": 0,
      "server_prefill_tps": 2184.227679499447,
      "metrics_request_delta": 1.0,
      "metrics_exact": true,
      "finish_reason": "length"
    },
    {
      "target_tokens": 8192,
      "trial": 3,
      "prompt_sha256": "5d7cd2e2008d4b5ba6e76f2db538774839ba1cd1e7c71325d1603e78bd5e20f9",
      "prompt_tokens": 8192,
      "completion_tokens": 1,
      "ttft_s": 3.750965165963862,
      "elapsed_s": 3.7511666659847833,
      "client_input_tps": 2183.9712280812273,
      "server_prefill_s": 3.73673414500081,
      "server_computed_tokens": 8192,
      "server_cache_hit_tokens": 0,
      "server_prefill_tps": 2192.288689030679,